TRA,TRB,TRAV,TRAJ,TRBV,TRBJ,T-Cell-Type,Peptide,MHC
CAVSAASGGSYIPTF,CASSFSGNTGELFF,TRAV3,TRAJ6,TRBV12-3,TRBJ2-2,CD8,RAKFKQLL,HLA-B*08
,CASSQEEGSGANVLTF,,,TRBV4-3,TRBJ2-6,CD4,LLQTGIHVRVSQPSL,HLA-DRA1*01
CAVSTSGGSYIPTF,CASSFSLEFTGELFF,TRAV1-2,TRAJ6,TRBV19,TRBJ2-2,CD8,KLGGALQAK,HLA-A*03
,CASSPGTGWAEAFF,,,TRBV6-5,TRBJ1-1,CD8,RLQSLQTYV,HLA-A*02
CAADPGFQKLVF,CASGMSGGAENEQFF,TRAV12-2,TRAJ8,TRBV2,TRBJ2-1,CD8,ELAGIGILTV,HLA-A*02
CAMREGLNSGYALNF,CASSIRSSYEQYF,TRAV14,TRAJ41,TRBV19,TRBJ2-7,CD8,IVTDFSVIK,HLA-A*11
,CASSFLPKNEQFF,,,TRBV7-2,TRBJ2-1,CD8,EIYKRWII,HLA-B*08
CAGANGGSQGNLIF,CASSVRSAGELFF,TRAV27,TRAJ42,TRBV19,TRBJ2-2,CD8,GILGFVFTL,HLA-A*02
,CASSAVGTGWHEQYF,,,TRBV9,TRBJ2-7,CD8,LPRRSGAAGA,HLA-B*07
,CASSIRSSYEQYF,,,TRBV19,TRBJ2-7,CD8,GILGFVFTL,HLA-A*02
